scenario,concurrency,completed,errors,api_calls,elapsed_seconds,throughput_per_second,p50_ms,p95_ms,p99_ms,max_ms
cache_hit,1,100,0,0,0.095782,1044.035,0.926,1.140,1.578,1.617
cache_hit,2,100,0,0,0.090946,1099.560,1.524,1.925,2.494,2.674
cache_hit,5,100,0,0,0.081766,1222.999,3.000,4.184,4.410,4.485
cache_hit,10,100,0,0,0.109166,916.035,7.911,12.086,12.901,14.379
cache_hit,20,100,0,0,0.095782,1044.043,12.259,15.910,17.514,18.090
cache_miss,1,100,0,100,6.472254,15.451,62.647,74.446,78.074,78.674
unique_cold,1,100,0,100,6.382049,15.669,61.703,74.906,78.545,78.746
unique_cold,2,100,0,100,3.536147,28.279,64.842,86.564,88.592,91.323
unique_cold,5,100,0,100,2.209159,45.266,76.716,120.890,129.259,137.066
unique_cold,10,100,0,100,1.495932,66.848,97.648,150.261,184.054,197.534
unique_cold,20,100,0,100,0.846093,118.190,94.894,185.250,200.235,203.311
identical_cold,1,100,0,100,6.414149,15.591,62.616,74.309,76.107,82.171
identical_cold,2,100,0,50,3.417110,29.264,62.449,80.160,83.245,83.751
identical_cold,5,100,0,20,1.496191,66.836,66.172,84.141,93.121,98.968
identical_cold,10,100,0,10,0.775112,129.014,67.425,83.012,89.025,100.314
identical_cold,20,100,0,5,0.445645,224.394,67.167,98.143,99.712,106.809
