scenario,concurrency,repetition,wave,index,latency_ms,from_api,articles,error
cache_hit,1,1,0,0,0.959405,false,5,
cache_hit,1,1,1,0,0.967705,false,5,
cache_hit,1,1,2,0,0.947703,false,5,
cache_hit,1,1,3,0,0.999209,false,5,
cache_hit,1,1,4,0,0.974706,false,5,
cache_hit,1,1,5,0,0.970205,false,5,
cache_hit,1,1,6,0,0.923701,false,5,
cache_hit,1,1,7,0,0.919900,false,5,
cache_hit,1,1,8,0,0.951704,false,5,
cache_hit,1,1,9,0,0.910499,false,5,
cache_hit,1,1,10,0,0.930502,false,5,
cache_hit,1,1,11,0,0.944302,false,5,
cache_hit,1,1,12,0,0.915200,false,5,
cache_hit,1,1,13,0,0.931101,false,5,
cache_hit,1,1,14,0,0.941902,false,5,
cache_hit,1,1,15,0,1.109220,false,5,
cache_hit,1,1,16,0,0.936802,false,5,
cache_hit,1,1,17,0,1.001309,false,5,
cache_hit,1,1,18,0,0.926301,false,5,
cache_hit,1,1,19,0,0.910099,false,5,
cache_hit,1,2,0,0,0.918700,false,5,
cache_hit,1,2,1,0,0.932901,false,5,
cache_hit,1,2,2,0,1.012310,false,5,
cache_hit,1,2,3,0,0.915300,false,5,
cache_hit,1,2,4,0,0.961005,false,5,
cache_hit,1,2,5,0,0.884496,false,5,
cache_hit,1,2,6,0,1.174228,false,5,
cache_hit,1,2,7,0,0.957104,false,5,
cache_hit,1,2,8,0,0.950803,false,5,
cache_hit,1,2,9,0,0.908699,false,5,
cache_hit,1,2,10,0,0.997508,false,5,
cache_hit,1,2,11,0,0.910999,false,5,
cache_hit,1,2,12,0,0.958004,false,5,
cache_hit,1,2,13,0,0.926301,false,5,
cache_hit,1,2,14,0,0.996308,false,5,
cache_hit,1,2,15,0,0.934402,false,5,
cache_hit,1,2,16,0,0.896197,false,5,
cache_hit,1,2,17,0,0.896898,false,5,
cache_hit,1,2,18,0,0.971606,false,5,
cache_hit,1,2,19,0,0.938902,false,5,
cache_hit,1,3,0,0,0.902498,false,5,
cache_hit,1,3,1,0,0.883996,false,5,
cache_hit,1,3,2,0,0.957204,false,5,
cache_hit,1,3,3,0,0.996409,false,5,
cache_hit,1,3,4,0,0.932401,false,5,
cache_hit,1,3,5,0,0.906398,false,5,
cache_hit,1,3,6,0,0.909599,false,5,
cache_hit,1,3,7,0,1.578371,false,5,
cache_hit,1,3,8,0,1.157526,false,5,
cache_hit,1,3,9,0,0.935802,false,5,
cache_hit,1,3,10,0,0.956004,false,5,
cache_hit,1,3,11,0,0.940902,false,5,
cache_hit,1,3,12,0,0.877996,false,5,
cache_hit,1,3,13,0,0.895098,false,5,
cache_hit,1,3,14,0,0.947803,false,5,
cache_hit,1,3,15,0,0.894497,false,5,
cache_hit,1,3,16,0,0.913100,false,5,
cache_hit,1,3,17,0,0.907698,false,5,
cache_hit,1,3,18,0,0.894598,false,5,
cache_hit,1,3,19,0,1.003810,false,5,
cache_hit,1,4,0,0,0.902198,false,5,
cache_hit,1,4,1,0,0.885696,false,5,
cache_hit,1,4,2,0,1.000109,false,5,
cache_hit,1,4,3,0,1.086818,false,5,
cache_hit,1,4,4,0,0.885897,false,5,
cache_hit,1,4,5,0,0.926501,false,5,
cache_hit,1,4,6,0,0.914099,false,5,
cache_hit,1,4,7,0,0.923401,false,5,
cache_hit,1,4,8,0,0.891897,false,5,
cache_hit,1,4,9,0,0.891797,false,5,
cache_hit,1,4,10,0,0.882696,false,5,
cache_hit,1,4,11,0,0.965605,false,5,
cache_hit,1,4,12,0,0.887297,false,5,
cache_hit,1,4,13,0,0.877695,false,5,
cache_hit,1,4,14,0,0.897798,false,5,
cache_hit,1,4,15,0,0.908799,false,5,
cache_hit,1,4,16,0,0.947303,false,5,
cache_hit,1,4,17,0,0.893797,false,5,
cache_hit,1,4,18,0,0.933301,false,5,
cache_hit,1,4,19,0,0.864395,false,5,
cache_hit,1,5,0,0,0.952404,false,5,
cache_hit,1,5,1,0,0.900498,false,5,
cache_hit,1,5,2,0,0.825790,false,5,
cache_hit,1,5,3,0,0.935001,false,5,
cache_hit,1,5,4,0,0.852093,false,5,
cache_hit,1,5,5,0,0.936102,false,5,
cache_hit,1,5,6,0,0.901298,false,5,
cache_hit,1,5,7,0,0.871794,false,5,
cache_hit,1,5,8,0,0.885197,false,5,
cache_hit,1,5,9,0,1.139624,false,5,
cache_hit,1,5,10,0,0.960805,false,5,
cache_hit,1,5,11,0,1.189229,false,5,
cache_hit,1,5,12,0,1.616576,false,5,
cache_hit,1,5,13,0,0.883997,false,5,
cache_hit,1,5,14,0,0.882696,false,5,
cache_hit,1,5,15,0,0.874595,false,5,
cache_hit,1,5,16,0,0.956404,false,5,
cache_hit,1,5,17,0,0.869395,false,5,
cache_hit,1,5,18,0,0.888996,false,5,
cache_hit,1,5,19,0,0.863994,false,5,
cache_hit,2,1,0,0,1.398353,false,5,
cache_hit,2,1,0,1,1.805897,false,5,
cache_hit,2,1,1,0,1.276139,false,5,
cache_hit,2,1,1,1,1.739290,false,5,
cache_hit,2,1,2,0,1.071716,false,5,
cache_hit,2,1,2,1,1.570071,false,5,
cache_hit,2,1,3,0,1.103720,false,5,
cache_hit,2,1,3,1,2.673791,false,5,
cache_hit,2,1,4,0,1.643379,false,5,
cache_hit,2,1,4,1,2.128931,false,5,
cache_hit,2,1,5,0,1.165427,false,5,
cache_hit,2,1,5,1,1.680383,false,5,
cache_hit,2,1,6,0,1.251836,false,5,
cache_hit,2,1,6,1,1.742290,false,5,
cache_hit,2,1,7,0,1.129023,false,5,
cache_hit,2,1,7,1,1.610475,false,5,
cache_hit,2,1,8,0,1.154925,false,5,
cache_hit,2,1,8,1,1.636378,false,5,
cache_hit,2,1,9,0,1.050515,false,5,
cache_hit,2,1,9,1,2.357957,false,5,
cache_hit,2,2,0,0,1.141925,false,5,
cache_hit,2,2,0,1,1.667582,false,5,
cache_hit,2,2,1,0,1.209031,false,5,
cache_hit,2,2,1,1,1.661381,false,5,
cache_hit,2,2,2,0,1.020011,false,5,
cache_hit,2,2,2,1,2.388360,false,5,
cache_hit,2,2,3,0,1.276339,false,5,
cache_hit,2,2,3,1,1.826899,false,5,
cache_hit,2,2,4,0,1.265938,false,5,
cache_hit,2,2,4,1,1.708386,false,5,
cache_hit,2,2,5,0,1.342746,false,5,
cache_hit,2,2,5,1,1.895806,false,5,
cache_hit,2,2,6,0,1.140524,false,5,
cache_hit,2,2,6,1,1.671382,false,5,
cache_hit,2,2,7,0,1.258237,false,5,
cache_hit,2,2,7,1,1.785894,false,5,
cache_hit,2,2,8,0,1.094019,false,5,
cache_hit,2,2,8,1,1.592574,false,5,
cache_hit,2,2,9,0,1.262138,false,5,
cache_hit,2,2,9,1,1.800596,false,5,
cache_hit,2,3,0,0,1.275039,false,5,
cache_hit,2,3,0,1,1.737689,false,5,
cache_hit,2,3,1,0,1.074817,false,5,
cache_hit,2,3,1,1,1.641279,false,5,
cache_hit,2,3,2,0,1.347247,false,5,
cache_hit,2,3,2,1,1.772293,false,5,
cache_hit,2,3,3,0,1.157326,false,5,
cache_hit,2,3,3,1,1.684584,false,5,
cache_hit,2,3,4,0,1.156326,false,5,
cache_hit,2,3,4,1,1.610875,false,5,
cache_hit,2,3,5,0,1.334745,false,5,
cache_hit,2,3,5,1,1.861803,false,5,
cache_hit,2,3,6,0,1.200230,false,5,
cache_hit,2,3,6,1,1.702985,false,5,
cache_hit,2,3,7,0,1.246236,false,5,
cache_hit,2,3,7,1,1.815298,false,5,
cache_hit,2,3,8,0,1.417955,false,5,
cache_hit,2,3,8,1,1.838000,false,5,
cache_hit,2,3,9,0,1.438057,false,5,
cache_hit,2,3,9,1,1.923710,false,5,
cache_hit,2,4,0,0,1.315043,false,5,
cache_hit,2,4,0,1,1.748590,false,5,
cache_hit,2,4,1,0,1.310343,false,5,
cache_hit,2,4,1,1,1.769192,false,5,
cache_hit,2,4,2,0,0.992308,false,5,
cache_hit,2,4,2,1,1.524266,false,5,
cache_hit,2,4,3,0,1.124723,false,5,
cache_hit,2,4,3,1,1.652780,false,5,
cache_hit,2,4,4,0,1.299341,false,5,
cache_hit,2,4,4,1,1.746390,false,5,
cache_hit,2,4,5,0,1.112021,false,5,
cache_hit,2,4,5,1,1.640478,false,5,
cache_hit,2,4,6,0,1.182129,false,5,
cache_hit,2,4,6,1,1.735689,false,5,
cache_hit,2,4,7,0,1.217833,false,5,
cache_hit,2,4,7,1,1.726789,false,5,
cache_hit,2,4,8,0,1.355447,false,5,
cache_hit,2,4,8,1,1.799796,false,5,
cache_hit,2,4,9,0,1.286840,false,5,
cache_hit,2,4,9,1,1.738290,false,5,
cache_hit,2,5,0,0,1.186629,false,5,
cache_hit,2,5,0,1,1.640179,false,5,
cache_hit,2,5,1,0,1.130823,false,5,
cache_hit,2,5,1,1,2.494371,false,5,
cache_hit,2,5,2,0,1.422354,false,5,
cache_hit,2,5,2,1,1.875204,false,5,
cache_hit,2,5,3,0,1.139025,false,5,
cache_hit,2,5,3,1,1.595774,false,5,
cache_hit,2,5,4,0,1.224334,false,5,
cache_hit,2,5,4,1,1.631578,false,5,
cache_hit,2,5,5,0,1.235534,false,5,
cache_hit,2,5,5,1,1.663382,false,5,
cache_hit,2,5,6,0,1.361348,false,5,
cache_hit,2,5,6,1,1.925009,false,5,
cache_hit,2,5,7,0,1.140624,false,5,
cache_hit,2,5,7,1,1.670982,false,5,
cache_hit,2,5,8,0,1.153126,false,5,
cache_hit,2,5,8,1,1.674082,false,5,
cache_hit,2,5,9,0,1.266037,false,5,
cache_hit,2,5,9,1,1.722988,false,5,
cache_hit,5,1,0,0,2.731997,false,5,
cache_hit,5,1,0,1,3.052032,false,5,
cache_hit,5,1,0,2,3.343264,false,5,
cache_hit,5,1,0,3,3.931228,false,5,
cache_hit,5,1,0,4,4.410080,false,5,
cache_hit,5,1,1,0,2.584082,false,5,
cache_hit,5,1,1,1,2.938820,false,5,
cache_hit,5,1,1,2,3.419273,false,5,
cache_hit,5,1,1,3,3.897624,false,5,
cache_hit,5,1,1,4,4.484888,false,5,
cache_hit,5,1,2,0,2.637487,false,5,
cache_hit,5,1,2,1,2.979924,false,5,
cache_hit,5,1,2,2,3.329262,false,5,
cache_hit,5,1,2,3,3.615994,false,5,
cache_hit,5,1,2,4,4.296167,false,5,
cache_hit,5,1,3,0,2.019220,false,5,
cache_hit,5,1,3,1,2.387960,false,5,
cache_hit,5,1,3,2,2.676392,false,5,
cache_hit,5,1,3,3,3.077235,false,5,
cache_hit,5,1,3,4,3.529485,false,5,
cache_hit,5,2,0,0,2.134733,false,5,
cache_hit,5,2,0,1,2.695394,false,5,
cache_hit,5,2,0,2,3.011028,false,5,
cache_hit,5,2,0,3,3.343864,false,5,
cache_hit,5,2,0,4,3.994835,false,5,
cache_hit,5,2,1,0,2.560579,false,5,
cache_hit,5,2,1,1,2.920318,false,5,
cache_hit,5,2,1,2,3.286658,false,5,
cache_hit,5,2,1,3,3.592291,false,5,
cache_hit,5,2,1,4,4.212958,false,5,
cache_hit,5,2,2,0,2.362457,false,5,
cache_hit,5,2,2,1,2.728297,false,5,
cache_hit,5,2,2,2,3.048432,false,5,
cache_hit,5,2,2,3,3.499781,false,5,
cache_hit,5,2,2,4,4.123249,false,5,
cache_hit,5,2,3,0,2.438766,false,5,
cache_hit,5,2,3,1,2.898716,false,5,
cache_hit,5,2,3,2,3.131641,false,5,
cache_hit,5,2,3,3,3.558888,false,5,
cache_hit,5,2,3,4,4.184156,false,5,
cache_hit,5,3,0,0,2.574281,false,5,
cache_hit,5,3,0,1,2.631087,false,5,
cache_hit,5,3,0,2,2.996326,false,5,
cache_hit,5,3,0,3,3.442675,false,5,
cache_hit,5,3,0,4,3.865021,false,5,
cache_hit,5,3,1,0,2.254046,false,5,
cache_hit,5,3,1,1,2.574881,false,5,
cache_hit,5,3,1,2,2.956722,false,5,
cache_hit,5,3,1,3,3.420573,false,5,
cache_hit,5,3,1,4,3.891624,false,5,
cache_hit,5,3,2,0,2.109930,false,5,
cache_hit,5,3,2,1,2.546177,false,5,
cache_hit,5,3,2,2,2.911817,false,5,
cache_hit,5,3,2,3,3.271056,false,5,
cache_hit,5,3,2,4,3.890724,false,5,
cache_hit,5,3,3,0,2.435466,false,5,
cache_hit,5,3,3,1,2.741899,false,5,
cache_hit,5,3,3,2,2.992826,false,5,
cache_hit,5,3,3,3,3.514382,false,5,
cache_hit,5,3,3,4,3.915726,false,5,
cache_hit,5,4,0,0,1.896307,false,5,
cache_hit,5,4,0,1,2.389961,false,5,
cache_hit,5,4,0,2,2.635987,false,5,
cache_hit,5,4,0,3,3.167144,false,5,
cache_hit,5,4,0,4,3.765710,false,5,
cache_hit,5,4,1,0,2.378959,false,5,
cache_hit,5,4,1,1,2.716495,false,5,
cache_hit,5,4,1,2,2.999526,false,5,
cache_hit,5,4,1,3,3.435574,false,5,
cache_hit,5,4,1,4,4.105747,false,5,
cache_hit,5,4,2,0,2.084227,false,5,
cache_hit,5,4,2,1,2.381859,false,5,
cache_hit,5,4,2,2,2.780602,false,5,
cache_hit,5,4,2,3,3.246154,false,5,
cache_hit,5,4,2,4,3.670300,false,5,
cache_hit,5,4,3,0,2.064024,false,5,
cache_hit,5,4,3,1,2.361857,false,5,
cache_hit,5,4,3,2,2.838009,false,5,
cache_hit,5,4,3,3,3.115739,false,5,
cache_hit,5,4,3,4,3.789013,false,5,
cache_hit,5,5,0,0,1.982316,false,5,
cache_hit,5,5,0,1,2.517074,false,5,
cache_hit,5,5,0,2,2.917617,false,5,
cache_hit,5,5,0,3,3.184947,false,5,
cache_hit,5,5,0,4,3.909825,false,5,
cache_hit,5,5,1,0,2.407662,false,5,
cache_hit,5,5,1,1,2.863812,false,5,
cache_hit,5,5,1,2,3.077735,false,5,
cache_hit,5,5,1,3,3.517483,false,5,
cache_hit,5,5,1,4,3.935829,false,5,
cache_hit,5,5,2,0,2.071526,false,5,
cache_hit,5,5,2,1,2.390060,false,5,
cache_hit,5,5,2,2,2.774602,false,5,
cache_hit,5,5,2,3,3.215850,false,5,
cache_hit,5,5,2,4,3.682301,false,5,
cache_hit,5,5,3,0,2.441766,false,5,
cache_hit,5,5,3,1,2.790904,false,5,
cache_hit,5,5,3,2,3.200548,false,5,
cache_hit,5,5,3,3,3.543286,false,5,
cache_hit,5,5,3,4,4.237661,false,5,
cache_hit,10,1,0,0,5.177464,false,5,
cache_hit,10,1,0,1,5.364484,false,5,
cache_hit,10,1,0,2,5.887241,false,5,
cache_hit,10,1,0,3,6.163471,false,5,
cache_hit,10,1,0,4,6.672627,false,5,
cache_hit,10,1,0,5,6.705130,false,5,
cache_hit,10,1,0,6,7.253190,false,5,
cache_hit,10,1,0,7,7.535320,false,5,
cache_hit,10,1,0,8,7.910762,false,5,
cache_hit,10,1,0,9,8.903469,false,5,
cache_hit,10,1,1,0,4.556196,false,5,
cache_hit,10,1,1,1,5.309279,false,5,
cache_hit,10,1,1,2,5.624312,false,5,
cache_hit,10,1,1,3,6.035557,false,5,
cache_hit,10,1,1,4,7.160180,false,5,
cache_hit,10,1,1,5,7.367002,false,5,
cache_hit,10,1,1,6,7.669135,false,5,
cache_hit,10,1,1,7,8.215794,false,5,
cache_hit,10,1,1,8,8.533929,false,5,
cache_hit,10,1,1,9,9.499435,false,5,
cache_hit,10,2,0,0,5.075653,false,5,
cache_hit,10,2,0,1,5.768528,false,5,
cache_hit,10,2,0,2,6.121566,false,5,
cache_hit,10,2,0,3,6.674027,false,5,
cache_hit,10,2,0,4,7.108974,false,5,
cache_hit,10,2,0,5,7.476914,false,5,
cache_hit,10,2,0,6,7.562923,false,5,
cache_hit,10,2,0,7,8.134386,false,5,
cache_hit,10,2,0,8,8.227096,false,5,
cache_hit,10,2,0,9,9.097790,false,5,
cache_hit,10,2,1,0,5.485398,false,5,
cache_hit,10,2,1,1,6.157171,false,5,
cache_hit,10,2,1,2,6.454403,false,5,
cache_hit,10,2,1,3,6.859447,false,5,
cache_hit,10,2,1,4,7.504017,false,5,
cache_hit,10,2,1,5,7.850855,false,5,
cache_hit,10,2,1,6,7.886059,false,5,
cache_hit,10,2,1,7,8.487624,false,5,
cache_hit,10,2,1,8,9.119693,false,5,
cache_hit,10,2,1,9,9.455430,false,5,
cache_hit,10,3,0,0,5.525901,false,5,
cache_hit,10,3,0,1,5.719822,false,5,
cache_hit,10,3,0,2,5.829635,false,5,
cache_hit,10,3,0,3,6.508408,false,5,
cache_hit,10,3,0,4,6.906752,false,5,
cache_hit,10,3,0,5,7.374503,false,5,
cache_hit,10,3,0,6,7.171381,false,5,
cache_hit,10,3,0,7,7.856756,false,5,
cache_hit,10,3,0,8,8.134286,false,5,
cache_hit,10,3,0,9,8.714149,false,5,
cache_hit,10,3,1,0,5.786431,false,5,
cache_hit,10,3,1,1,6.112565,false,5,
cache_hit,10,3,1,2,6.315588,false,5,
cache_hit,10,3,1,3,6.854847,false,5,
cache_hit,10,3,1,4,7.055569,false,5,
cache_hit,10,3,1,5,7.515618,false,5,
cache_hit,10,3,1,6,8.177691,false,5,
cache_hit,10,3,1,7,8.463621,false,5,
cache_hit,10,3,1,8,8.620038,false,5,
cache_hit,10,3,1,9,9.393123,false,5,
cache_hit,10,4,0,0,6.072161,false,5,
cache_hit,10,4,0,1,7.177381,false,5,
cache_hit,10,4,0,2,8.073880,false,5,
cache_hit,10,4,0,3,9.032083,false,5,
cache_hit,10,4,0,4,9.534938,false,5,
cache_hit,10,4,0,5,10.475641,false,5,
cache_hit,10,4,0,6,11.237824,false,5,
cache_hit,10,4,0,7,12.086216,false,5,
cache_hit,10,4,0,8,12.598772,false,5,
cache_hit,10,4,0,9,14.379166,false,5,
cache_hit,10,4,1,0,7.419808,false,5,
cache_hit,10,4,1,1,7.920163,false,5,
cache_hit,10,4,1,2,8.481523,false,5,
cache_hit,10,4,1,3,8.692747,false,5,
cache_hit,10,4,1,4,9.000180,false,5,
cache_hit,10,4,1,5,9.376321,false,5,
cache_hit,10,4,1,6,9.725159,false,5,
cache_hit,10,4,1,7,10.611656,false,5,
cache_hit,10,4,1,8,10.990797,false,5,
cache_hit,10,4,1,9,11.982104,false,5,
cache_hit,10,5,0,0,6.063560,false,5,
cache_hit,10,5,0,1,7.058069,false,5,
cache_hit,10,5,0,2,7.749044,false,5,
cache_hit,10,5,0,3,8.018473,false,5,
cache_hit,10,5,0,4,8.346109,false,5,
cache_hit,10,5,0,5,8.993080,false,5,
cache_hit,10,5,0,6,9.426827,false,5,
cache_hit,10,5,0,7,10.559850,false,5,
cache_hit,10,5,0,8,11.618565,false,5,
cache_hit,10,5,0,9,12.890404,false,5,
cache_hit,10,5,1,0,7.925163,false,5,
cache_hit,10,5,1,1,8.539430,false,5,
cache_hit,10,5,1,2,9.373020,false,5,
cache_hit,10,5,1,3,9.947383,false,5,
cache_hit,10,5,1,4,10.414034,false,5,
cache_hit,10,5,1,5,10.513245,false,5,
cache_hit,10,5,1,6,11.258626,false,5,
cache_hit,10,5,1,7,11.914298,false,5,
cache_hit,10,5,1,8,12.507562,false,5,
cache_hit,10,5,1,9,12.901305,false,5,
cache_hit,20,1,0,0,12.216230,false,5,
cache_hit,20,1,0,1,13.038619,false,5,
cache_hit,20,1,0,2,14.409369,false,5,
cache_hit,20,1,0,3,14.921525,false,5,
cache_hit,20,1,0,4,14.970131,false,5,
cache_hit,20,1,0,5,15.316467,false,5,
cache_hit,20,1,0,6,15.909932,false,5,
cache_hit,20,1,0,7,16.656814,false,5,
cache_hit,20,1,0,8,16.910341,false,5,
cache_hit,20,1,0,9,17.075359,false,5,
cache_hit,20,1,0,10,17.514407,false,5,
cache_hit,20,1,0,11,18.090369,false,5,
cache_hit,20,1,0,12,11.350836,false,5,
cache_hit,20,1,0,13,12.110318,false,5,
cache_hit,20,1,0,14,11.589062,false,5,
cache_hit,20,1,0,15,13.147731,false,5,
cache_hit,20,1,0,16,12.407451,false,5,
cache_hit,20,1,0,17,12.622675,false,5,
cache_hit,20,1,0,18,13.119329,false,5,
cache_hit,20,1,0,19,13.628884,false,5,
cache_hit,20,2,0,0,10.201411,false,5,
cache_hit,20,2,0,1,10.514345,false,5,
cache_hit,20,2,0,2,10.716767,false,5,
cache_hit,20,2,0,3,11.100909,false,5,
cache_hit,20,2,0,4,11.629266,false,5,
cache_hit,20,2,0,5,11.703475,false,5,
cache_hit,20,2,0,6,12.255334,false,5,
cache_hit,20,2,0,7,12.846599,false,5,
cache_hit,20,2,0,8,13.153132,false,5,
cache_hit,20,2,0,9,14.148741,false,5,
cache_hit,20,2,0,10,14.393967,false,5,
cache_hit,20,2,0,11,14.780910,false,5,
cache_hit,20,2,0,12,12.216231,false,5,
cache_hit,20,2,0,13,12.258835,false,5,
cache_hit,20,2,0,14,12.790593,false,5,
cache_hit,20,2,0,15,13.168334,false,5,
cache_hit,20,2,0,16,13.757198,false,5,
cache_hit,20,2,0,17,13.903814,false,5,
cache_hit,20,2,0,18,14.488678,false,5,
cache_hit,20,2,0,19,15.143049,false,5,
cache_hit,20,3,0,0,9.135695,false,5,
cache_hit,20,3,0,1,10.534947,false,5,
cache_hit,20,3,0,2,10.594754,false,5,
cache_hit,20,3,0,3,11.385840,false,5,
cache_hit,20,3,0,4,5.750126,false,5,
cache_hit,20,3,0,5,12.100817,false,5,
cache_hit,20,3,0,6,5.576907,false,5,
cache_hit,20,3,0,7,12.892703,false,5,
cache_hit,20,3,0,8,13.328852,false,5,
cache_hit,20,3,0,9,13.795802,false,5,
cache_hit,20,3,0,10,13.940518,false,5,
cache_hit,20,3,0,11,14.483077,false,5,
cache_hit,20,3,0,12,14.794911,false,5,
cache_hit,20,3,0,13,15.363873,false,5,
cache_hit,20,3,0,14,10.321024,false,5,
cache_hit,20,3,0,15,9.710757,false,5,
cache_hit,20,3,0,16,10.443537,false,5,
cache_hit,20,3,0,17,10.006490,false,5,
cache_hit,20,3,0,18,10.552149,false,5,
cache_hit,20,3,0,19,10.941692,false,5,
cache_hit,20,4,0,0,10.643959,false,5,
cache_hit,20,4,0,1,10.928190,false,5,
cache_hit,20,4,0,2,11.461748,false,5,
cache_hit,20,4,0,3,12.037311,false,5,
cache_hit,20,4,0,4,12.788292,false,5,
cache_hit,20,4,0,5,12.831797,false,5,
cache_hit,20,4,0,6,13.429662,false,5,
cache_hit,20,4,0,7,13.784301,false,5,
cache_hit,20,4,0,8,14.245751,false,5,
cache_hit,20,4,0,9,14.496979,false,5,
cache_hit,20,4,0,10,15.022236,false,5,
cache_hit,20,4,0,11,15.172752,false,5,
cache_hit,20,4,0,12,9.992888,false,5,
cache_hit,20,4,0,13,10.814978,false,5,
cache_hit,20,4,0,14,11.319232,false,5,
cache_hit,20,4,0,15,10.332625,false,5,
cache_hit,20,4,0,16,10.703166,false,5,
cache_hit,20,4,0,17,12.093017,false,5,
cache_hit,20,4,0,18,10.760572,false,5,
cache_hit,20,4,0,19,12.166925,false,5,
cache_hit,20,5,0,0,10.373430,false,5,
cache_hit,20,5,0,1,10.802177,false,5,
cache_hit,20,5,0,2,11.403242,false,5,
cache_hit,20,5,0,3,12.283038,false,5,
cache_hit,20,5,0,4,12.121120,false,5,
cache_hit,20,5,0,5,12.424853,false,5,
cache_hit,20,5,0,6,12.716484,false,5,
cache_hit,20,5,0,7,13.157333,false,5,
cache_hit,20,5,0,8,13.481268,false,5,
cache_hit,20,5,0,9,14.075433,false,5,
cache_hit,20,5,0,10,14.611991,false,5,
cache_hit,20,5,0,11,14.912723,false,5,
cache_hit,20,5,0,12,9.846272,false,5,
cache_hit,20,5,0,13,10.549849,false,5,
cache_hit,20,5,0,14,10.902387,false,5,
cache_hit,20,5,0,15,11.291629,false,5,
cache_hit,20,5,0,16,11.119110,false,5,
cache_hit,20,5,0,17,11.577360,false,5,
cache_hit,20,5,0,18,11.514154,false,5,
cache_hit,20,5,0,19,11.980504,false,5,
cache_miss,1,1,0,0,67.784181,true,5,
cache_miss,1,1,1,0,59.384666,true,5,
cache_miss,1,1,2,0,62.646922,true,5,
cache_miss,1,1,3,0,59.185645,true,5,
cache_miss,1,1,4,0,57.798494,true,5,
cache_miss,1,1,5,0,56.976704,true,5,
cache_miss,1,1,6,0,57.102918,true,5,
cache_miss,1,1,7,0,71.557391,true,5,
cache_miss,1,1,8,0,75.445215,true,5,
cache_miss,1,1,9,0,60.619501,true,5,
cache_miss,1,1,10,0,64.751650,true,5,
cache_miss,1,1,11,0,75.057673,true,5,
cache_miss,1,1,12,0,60.269663,true,5,
cache_miss,1,1,13,0,59.368964,true,5,
cache_miss,1,1,14,0,68.116217,true,5,
cache_miss,1,1,15,0,60.825824,true,5,
cache_miss,1,1,16,0,66.572248,true,5,
cache_miss,1,1,17,0,60.945236,true,5,
cache_miss,1,1,18,0,65.631946,true,5,
cache_miss,1,1,19,0,73.443397,true,5,
cache_miss,1,2,0,0,70.099833,true,5,
cache_miss,1,2,1,0,68.956909,true,5,
cache_miss,1,2,2,0,74.079267,true,5,
cache_miss,1,2,3,0,66.464837,true,5,
cache_miss,1,2,4,0,60.097844,true,5,
cache_miss,1,2,5,0,66.034091,true,5,
cache_miss,1,2,6,0,76.505831,true,5,
cache_miss,1,2,7,0,62.248378,true,5,
cache_miss,1,2,8,0,59.828915,true,5,
cache_miss,1,2,9,0,74.220581,true,5,
cache_miss,1,2,10,0,62.247178,true,5,
cache_miss,1,2,11,0,62.116563,true,5,
cache_miss,1,2,12,0,66.502741,true,5,
cache_miss,1,2,13,0,71.623599,true,5,
cache_miss,1,2,14,0,71.622799,true,5,
cache_miss,1,2,15,0,74.266987,true,5,
cache_miss,1,2,16,0,59.586688,true,5,
cache_miss,1,2,17,0,60.170552,true,5,
cache_miss,1,2,18,0,58.391258,true,5,
cache_miss,1,2,19,0,58.916015,true,5,
cache_miss,1,3,0,0,68.947908,true,5,
cache_miss,1,3,1,0,72.344377,true,5,
cache_miss,1,3,2,0,70.602588,true,5,
cache_miss,1,3,3,0,71.282862,true,5,
cache_miss,1,3,4,0,70.300254,true,5,
cache_miss,1,3,5,0,71.738512,true,5,
cache_miss,1,3,6,0,73.277279,true,5,
cache_miss,1,3,7,0,61.252670,true,5,
cache_miss,1,3,8,0,74.240283,true,5,
cache_miss,1,3,9,0,78.674066,true,5,
cache_miss,1,3,10,0,78.074302,true,5,
cache_miss,1,3,11,0,63.854353,true,5,
cache_miss,1,3,12,0,65.412923,true,5,
cache_miss,1,3,13,0,65.562139,true,5,
cache_miss,1,3,14,0,59.959829,true,5,
cache_miss,1,3,15,0,64.866863,true,5,
cache_miss,1,3,16,0,65.134692,true,5,
cache_miss,1,3,17,0,58.857109,true,5,
cache_miss,1,3,18,0,59.669297,true,5,
cache_miss,1,3,19,0,58.890112,true,5,
cache_miss,1,4,0,0,56.517554,true,5,
cache_miss,1,4,1,0,57.921207,true,5,
cache_miss,1,4,2,0,59.424471,true,5,
cache_miss,1,4,3,0,60.498387,true,5,
cache_miss,1,4,4,0,74.445506,true,5,
cache_miss,1,4,5,0,62.017353,true,5,
cache_miss,1,4,6,0,58.184535,true,5,
cache_miss,1,4,7,0,60.420079,true,5,
cache_miss,1,4,8,0,64.436516,true,5,
cache_miss,1,4,9,0,62.276481,true,5,
cache_miss,1,4,10,0,58.805603,true,5,
cache_miss,1,4,11,0,58.254043,true,5,
cache_miss,1,4,12,0,58.692291,true,5,
cache_miss,1,4,13,0,64.977375,true,5,
cache_miss,1,4,14,0,67.381737,true,5,
cache_miss,1,4,15,0,67.838286,true,5,
cache_miss,1,4,16,0,60.310467,true,5,
cache_miss,1,4,17,0,56.931599,true,5,
cache_miss,1,4,18,0,58.784700,true,5,
cache_miss,1,4,19,0,63.874055,true,5,
cache_miss,1,5,0,0,61.209165,true,5,
cache_miss,1,5,1,0,65.004079,true,5,
cache_miss,1,5,2,0,60.343071,true,5,
cache_miss,1,5,3,0,64.990376,true,5,
cache_miss,1,5,4,0,58.965820,true,5,
cache_miss,1,5,5,0,60.072541,true,5,
cache_miss,1,5,6,0,73.993757,true,5,
cache_miss,1,5,7,0,61.275372,true,5,
cache_miss,1,5,8,0,59.048330,true,5,
cache_miss,1,5,9,0,58.076024,true,5,
cache_miss,1,5,10,0,59.657496,true,5,
cache_miss,1,5,11,0,59.911724,true,5,
cache_miss,1,5,12,0,57.356845,true,5,
cache_miss,1,5,13,0,58.347053,true,5,
cache_miss,1,5,14,0,66.667259,true,5,
cache_miss,1,5,15,0,68.682679,true,5,
cache_miss,1,5,16,0,72.568902,true,5,
cache_miss,1,5,17,0,72.651922,true,5,
cache_miss,1,5,18,0,70.361190,true,5,
cache_miss,1,5,19,0,68.247458,true,5,
unique_cold,1,1,0,0,64.245321,true,5,
unique_cold,1,1,1,0,58.522996,true,5,
unique_cold,1,1,2,0,64.224119,true,5,
unique_cold,1,1,3,0,60.026660,true,5,
unique_cold,1,1,4,0,58.663911,true,5,
unique_cold,1,1,5,0,67.011223,true,5,
unique_cold,1,1,6,0,60.383099,true,5,
unique_cold,1,1,7,0,65.222528,true,5,
unique_cold,1,1,8,0,60.543117,true,5,
unique_cold,1,1,9,0,68.524389,true,5,
unique_cold,1,1,10,0,62.232601,true,5,
unique_cold,1,1,11,0,68.348370,true,5,
unique_cold,1,1,12,0,61.702743,true,5,
unique_cold,1,1,13,0,60.245884,true,5,
unique_cold,1,1,14,0,68.999041,true,5,
unique_cold,1,1,15,0,72.270498,true,5,
unique_cold,1,1,16,0,68.849524,true,5,
unique_cold,1,1,17,0,58.046644,true,5,
unique_cold,1,1,18,0,59.035951,true,5,
unique_cold,1,1,19,0,61.823156,true,5,
unique_cold,1,2,0,0,58.176858,true,5,
unique_cold,1,2,1,0,68.513887,true,5,
unique_cold,1,2,2,0,70.865645,true,5,
unique_cold,1,2,3,0,71.158376,true,5,
unique_cold,1,2,4,0,71.328795,true,5,
unique_cold,1,2,5,0,72.018770,true,5,
unique_cold,1,2,6,0,70.531808,true,5,
unique_cold,1,2,7,0,62.146892,true,5,
unique_cold,1,2,8,0,74.761071,true,5,
unique_cold,1,2,9,0,74.553848,true,5,
unique_cold,1,2,10,0,70.581513,true,5,
unique_cold,1,2,11,0,60.988865,true,5,
unique_cold,1,2,12,0,60.114969,true,5,
unique_cold,1,2,13,0,58.484492,true,5,
unique_cold,1,2,14,0,65.852797,true,5,
unique_cold,1,2,15,0,59.919448,true,5,
unique_cold,1,2,16,0,75.424443,true,5,
unique_cold,1,2,17,0,78.746306,true,5,
unique_cold,1,2,18,0,60.378599,true,5,
unique_cold,1,2,19,0,60.756940,true,5,
unique_cold,1,3,0,0,58.492492,true,5,
unique_cold,1,3,1,0,64.122408,true,5,
unique_cold,1,3,2,0,57.519586,true,5,
unique_cold,1,3,3,0,59.025051,true,5,
unique_cold,1,3,4,0,58.983045,true,5,
unique_cold,1,3,5,0,64.824484,true,5,
unique_cold,1,3,6,0,65.921304,true,5,
unique_cold,1,3,7,0,75.260425,true,5,
unique_cold,1,3,8,0,63.444734,true,5,
unique_cold,1,3,9,0,59.017650,true,5,
unique_cold,1,3,10,0,74.077995,true,5,
unique_cold,1,3,11,0,74.906187,true,5,
unique_cold,1,3,12,0,63.934887,true,5,
unique_cold,1,3,13,0,62.237001,true,5,
unique_cold,1,3,14,0,59.854641,true,5,
unique_cold,1,3,15,0,57.991037,true,5,
unique_cold,1,3,16,0,58.404783,true,5,
unique_cold,1,3,17,0,57.503584,true,5,
unique_cold,1,3,18,0,57.570692,true,5,
unique_cold,1,3,19,0,57.770214,true,5,
unique_cold,1,4,0,0,57.717808,true,5,
unique_cold,1,4,1,0,58.053944,true,5,
unique_cold,1,4,2,0,59.607314,true,5,
unique_cold,1,4,3,0,58.293570,true,5,
unique_cold,1,4,4,0,58.040343,true,5,
unique_cold,1,4,5,0,58.136053,true,5,
unique_cold,1,4,6,0,58.246666,true,5,
unique_cold,1,4,7,0,62.901074,true,5,
unique_cold,1,4,8,0,62.899374,true,5,
unique_cold,1,4,9,0,58.320374,true,5,
unique_cold,1,4,10,0,59.198369,true,5,
unique_cold,1,4,11,0,60.752440,true,5,
unique_cold,1,4,12,0,58.807927,true,5,
unique_cold,1,4,13,0,61.133481,true,5,
unique_cold,1,4,14,0,71.516316,true,5,
unique_cold,1,4,15,0,64.286426,true,5,
unique_cold,1,4,16,0,59.489202,true,5,
unique_cold,1,4,17,0,65.376045,true,5,
unique_cold,1,4,18,0,65.356942,true,5,
unique_cold,1,4,19,0,59.939350,true,5,
unique_cold,1,5,0,0,57.686104,true,5,
unique_cold,1,5,1,0,58.211762,true,5,
unique_cold,1,5,2,0,75.755879,true,5,
unique_cold,1,5,3,0,63.892182,true,5,
unique_cold,1,5,4,0,58.319174,true,5,
unique_cold,1,5,5,0,58.132553,true,5,
unique_cold,1,5,6,0,57.541489,true,5,
unique_cold,1,5,7,0,71.205081,true,5,
unique_cold,1,5,8,0,61.821756,true,5,
unique_cold,1,5,9,0,58.347576,true,5,
unique_cold,1,5,10,0,58.796125,true,5,
unique_cold,1,5,11,0,58.476191,true,5,
unique_cold,1,5,12,0,71.934662,true,5,
unique_cold,1,5,13,0,78.544684,true,5,
unique_cold,1,5,14,0,69.310575,true,5,
unique_cold,1,5,15,0,61.521023,true,5,
unique_cold,1,5,16,0,67.155839,true,5,
unique_cold,1,5,17,0,70.895747,true,5,
unique_cold,1,5,18,0,66.940416,true,5,
unique_cold,1,5,19,0,72.181088,true,5,
unique_cold,2,1,0,0,62.437608,true,5,
unique_cold,2,1,0,1,67.727685,true,5,
unique_cold,2,1,1,0,56.491960,true,5,
unique_cold,2,1,1,1,65.503342,true,5,
unique_cold,2,1,2,0,56.846499,true,5,
unique_cold,2,1,2,1,64.666151,true,5,
unique_cold,2,1,3,0,65.588652,true,5,
unique_cold,2,1,3,1,86.563839,true,5,
unique_cold,2,1,4,0,61.317886,true,5,
unique_cold,2,1,4,1,67.105918,true,5,
unique_cold,2,1,5,0,61.759634,true,5,
unique_cold,2,1,5,1,71.488695,true,5,
unique_cold,2,1,6,0,63.634139,true,5,
unique_cold,2,1,6,1,71.158459,true,5,
unique_cold,2,1,7,0,58.424670,true,5,
unique_cold,2,1,7,1,67.906405,true,5,
unique_cold,2,1,8,0,56.349345,true,5,
unique_cold,2,1,8,1,59.538992,true,5,
unique_cold,2,1,9,0,56.069214,true,5,
unique_cold,2,1,9,1,65.451337,true,5,
unique_cold,2,2,0,0,56.329642,true,5,
unique_cold,2,2,0,1,65.530546,true,5,
unique_cold,2,2,1,0,55.662570,true,5,
unique_cold,2,2,1,1,64.533737,true,5,
unique_cold,2,2,2,0,56.162724,true,5,
unique_cold,2,2,2,1,65.859281,true,5,
unique_cold,2,2,3,0,56.315941,true,5,
unique_cold,2,2,3,1,64.835670,true,5,
unique_cold,2,2,4,0,56.650377,true,5,
unique_cold,2,2,4,1,64.841671,true,5,
unique_cold,2,2,5,0,57.349353,true,5,
unique_cold,2,2,5,1,65.130902,true,5,
unique_cold,2,2,6,0,58.020526,true,5,
unique_cold,2,2,6,1,66.799983,true,5,
unique_cold,2,2,7,0,65.352926,true,5,
unique_cold,2,2,7,1,87.864981,true,5,
unique_cold,2,2,8,0,63.091679,true,5,
unique_cold,2,2,8,1,73.447209,true,5,
unique_cold,2,2,9,0,58.406568,true,5,
unique_cold,2,2,9,1,67.514562,true,5,
unique_cold,2,3,0,0,57.642586,true,5,
unique_cold,2,3,0,1,65.666760,true,5,
unique_cold,2,3,1,0,59.612000,true,5,
unique_cold,2,3,1,1,67.639176,true,5,
unique_cold,2,3,2,0,58.204546,true,5,
unique_cold,2,3,2,1,65.124101,true,5,
unique_cold,2,3,3,0,62.289392,true,5,
unique_cold,2,3,3,1,83.770134,true,5,
unique_cold,2,3,4,0,56.992115,true,5,
unique_cold,2,3,4,1,66.516553,true,5,
unique_cold,2,3,5,0,64.527936,true,5,
unique_cold,2,3,5,1,80.809311,true,5,
unique_cold,2,3,6,0,58.109736,true,5,
unique_cold,2,3,6,1,65.397631,true,5,
unique_cold,2,3,7,0,63.435017,true,5,
unique_cold,2,3,7,1,84.440307,true,5,
unique_cold,2,3,8,0,59.214657,true,5,
unique_cold,2,3,8,1,67.049211,true,5,
unique_cold,2,3,9,0,56.612772,true,5,
unique_cold,2,3,9,1,65.630156,true,5,
unique_cold,2,4,0,0,57.822405,true,5,
unique_cold,2,4,0,1,65.098098,true,5,
unique_cold,2,4,1,0,56.241732,true,5,
unique_cold,2,4,1,1,76.928588,true,5,
unique_cold,2,4,2,0,70.923934,true,5,
unique_cold,2,4,2,1,91.322857,true,5,
unique_cold,2,4,3,0,59.707610,true,5,
unique_cold,2,4,3,1,67.538764,true,5,
unique_cold,2,4,4,0,65.513043,true,5,
unique_cold,2,4,4,1,87.611453,true,5,
unique_cold,2,4,5,0,58.946627,true,5,
unique_cold,2,4,5,1,68.413260,true,5,
unique_cold,2,4,6,0,58.547584,true,5,
unique_cold,2,4,6,1,65.636757,true,5,
unique_cold,2,4,7,0,56.855999,true,5,
unique_cold,2,4,7,1,66.121610,true,5,
unique_cold,2,4,8,0,67.792492,true,5,
unique_cold,2,4,8,1,88.592360,true,5,
unique_cold,2,4,9,0,60.531000,true,5,
unique_cold,2,4,9,1,67.850999,true,5,
unique_cold,2,5,0,0,56.071514,true,5,
unique_cold,2,5,0,1,64.160496,true,5,
unique_cold,2,5,1,0,56.170024,true,5,
unique_cold,2,5,1,1,65.846179,true,5,
unique_cold,2,5,2,0,67.418452,true,5,
unique_cold,2,5,2,1,86.785563,true,5,
unique_cold,2,5,3,0,60.640912,true,5,
unique_cold,2,5,3,1,69.623291,true,5,
unique_cold,2,5,4,0,55.982704,true,5,
unique_cold,2,5,4,1,59.521090,true,5,
unique_cold,2,5,5,0,56.965112,true,5,
unique_cold,2,5,5,1,65.380829,true,5,
unique_cold,2,5,6,0,63.021671,true,5,
unique_cold,2,5,6,1,85.223392,true,5,
unique_cold,2,5,7,0,65.417833,true,5,
unique_cold,2,5,7,1,72.783736,true,5,
unique_cold,2,5,8,0,57.402459,true,5,
unique_cold,2,5,8,1,67.079214,true,5,
unique_cold,2,5,9,0,56.792693,true,5,
unique_cold,2,5,9,1,66.552956,true,5,
unique_cold,5,1,0,0,67.730785,true,5,
unique_cold,5,1,0,1,78.955909,true,5,
unique_cold,5,1,0,2,99.243821,true,5,
unique_cold,5,1,0,3,117.741039,true,5,
unique_cold,5,1,0,4,128.454307,true,5,
unique_cold,5,1,1,0,65.566949,true,5,
unique_cold,5,1,1,1,68.510270,true,5,
unique_cold,5,1,1,2,79.778799,true,5,
unique_cold,5,1,1,3,94.891146,true,5,
unique_cold,5,1,1,4,115.351478,true,5,
unique_cold,5,1,2,0,61.651523,true,5,
unique_cold,5,1,2,1,66.504652,true,5,
unique_cold,5,1,2,2,76.810475,true,5,
unique_cold,5,1,2,3,98.024488,true,5,
unique_cold,5,1,2,4,112.936814,true,5,
unique_cold,5,1,3,0,58.353163,true,5,
unique_cold,5,1,3,1,60.994651,true,5,
unique_cold,5,1,3,2,66.172115,true,5,
unique_cold,5,1,3,3,77.120809,true,5,
unique_cold,5,1,3,4,94.182769,true,5,
unique_cold,5,2,0,0,60.028646,true,5,
unique_cold,5,2,0,1,66.308730,true,5,
unique_cold,5,2,0,2,75.895675,true,5,
unique_cold,5,2,0,3,92.482684,true,5,
unique_cold,5,2,0,4,114.220854,true,5,
unique_cold,5,2,1,0,65.791274,true,5,
unique_cold,5,2,1,1,71.734722,true,5,
unique_cold,5,2,1,2,85.237294,true,5,
unique_cold,5,2,1,3,97.882773,true,5,
unique_cold,5,2,1,4,129.258995,true,5,
unique_cold,5,2,2,0,70.794719,true,5,
unique_cold,5,2,2,1,74.916369,true,5,
unique_cold,5,2,2,2,85.306201,true,5,
unique_cold,5,2,2,3,101.834804,true,5,
unique_cold,5,2,2,4,120.890382,true,5,
unique_cold,5,2,3,0,68.796401,true,5,
unique_cold,5,2,3,1,81.814120,true,5,
unique_cold,5,2,3,2,95.853352,true,5,
unique_cold,5,2,3,3,112.960217,true,5,
unique_cold,5,2,3,4,126.319974,true,5,
unique_cold,5,3,0,0,59.025636,true,5,
unique_cold,5,3,0,1,61.203174,true,5,
unique_cold,5,3,0,2,65.417333,true,5,
unique_cold,5,3,0,3,76.825177,true,5,
unique_cold,5,3,0,4,95.713336,true,5,
unique_cold,5,3,1,0,58.696301,true,5,
unique_cold,5,3,1,1,60.688917,true,5,
unique_cold,5,3,1,2,66.568058,true,5,
unique_cold,5,3,1,3,76.715765,true,5,
unique_cold,5,3,1,4,93.661213,true,5,
unique_cold,5,3,2,0,56.915706,true,5,
unique_cold,5,3,2,1,60.787128,true,5,
unique_cold,5,3,2,2,63.472121,true,5,
unique_cold,5,3,2,3,65.773872,true,5,
unique_cold,5,3,2,4,78.449754,true,5,
unique_cold,5,3,3,0,59.416379,true,5,
unique_cold,5,3,3,1,65.342025,true,5,
unique_cold,5,3,3,2,75.260807,true,5,
unique_cold,5,3,3,3,91.198544,true,5,
unique_cold,5,3,3,4,110.452243,true,5,
unique_cold,5,4,0,0,61.254679,true,5,
unique_cold,5,4,0,1,65.128002,true,5,
unique_cold,5,4,0,2,75.523435,true,5,
unique_cold,5,4,0,3,91.531281,true,5,
unique_cold,5,4,0,4,112.512268,true,5,
unique_cold,5,4,1,0,72.944053,true,5,
unique_cold,5,4,1,1,84.788745,true,5,
unique_cold,5,4,1,2,95.537817,true,5,
unique_cold,5,4,1,3,112.347350,true,5,
unique_cold,5,4,1,4,124.496674,true,5,
unique_cold,5,4,2,0,71.921442,true,5,
unique_cold,5,4,2,1,80.982930,true,5,
unique_cold,5,4,2,2,95.725438,true,5,
unique_cold,5,4,2,3,111.313237,true,5,
unique_cold,5,4,2,4,137.066245,true,5,
unique_cold,5,4,3,0,66.299729,true,5,
unique_cold,5,4,3,1,68.581578,true,5,
unique_cold,5,4,3,2,71.163259,true,5,
unique_cold,5,4,3,3,76.029190,true,5,
unique_cold,5,4,3,4,88.817385,true,5,
unique_cold,5,5,0,0,59.623901,true,5,
unique_cold,5,5,0,1,64.820368,true,5,
unique_cold,5,5,0,2,74.861862,true,5,
unique_cold,5,5,0,3,91.171141,true,5,
unique_cold,5,5,0,4,110.052599,true,5,
unique_cold,5,5,1,0,60.653413,true,5,
unique_cold,5,5,1,1,72.024153,true,5,
unique_cold,5,5,1,2,83.943153,true,5,
unique_cold,5,5,1,3,98.841177,true,5,
unique_cold,5,5,1,4,119.609742,true,5,
unique_cold,5,5,2,0,61.345489,true,5,
unique_cold,5,5,2,1,64.404222,true,5,
unique_cold,5,5,2,2,67.090016,true,5,
unique_cold,5,5,2,3,68.967720,true,5,
unique_cold,5,5,2,4,80.182643,true,5,
unique_cold,5,5,3,0,61.511907,true,5,
unique_cold,5,5,3,1,68.403358,true,5,
unique_cold,5,5,3,2,77.497550,true,5,
unique_cold,5,5,3,3,93.270370,true,5,
unique_cold,5,5,3,4,112.649584,true,5,
unique_cold,10,1,0,0,70.157450,true,5,
unique_cold,10,1,0,1,73.016761,true,5,
unique_cold,10,1,0,2,74.189389,true,5,
unique_cold,10,1,0,3,78.193026,true,5,
unique_cold,10,1,0,4,86.721756,true,5,
unique_cold,10,1,0,5,90.738694,true,5,
unique_cold,10,1,0,6,105.076457,true,5,
unique_cold,10,1,0,7,122.353041,true,5,
unique_cold,10,1,0,8,132.702569,true,5,
unique_cold,10,1,0,9,138.683722,true,5,
unique_cold,10,1,1,0,60.600907,true,5,
unique_cold,10,1,1,1,63.378511,true,5,
unique_cold,10,1,1,2,66.923997,true,5,
unique_cold,10,1,1,3,70.354771,true,5,
unique_cold,10,1,1,4,84.162177,true,5,
unique_cold,10,1,1,5,102.423868,true,5,
unique_cold,10,1,1,6,115.868434,true,5,
unique_cold,10,1,1,7,126.173258,true,5,
unique_cold,10,1,1,8,135.227244,true,5,
unique_cold,10,1,1,9,150.177675,true,5,
unique_cold,10,2,0,0,64.022381,true,5,
unique_cold,10,2,0,1,68.720494,true,5,
unique_cold,10,2,0,2,72.737531,true,5,
unique_cold,10,2,0,3,79.634284,true,5,
unique_cold,10,2,0,4,82.154758,true,5,
unique_cold,10,2,0,5,95.911258,true,5,
unique_cold,10,2,0,6,113.198943,true,5,
unique_cold,10,2,0,7,124.228046,true,5,
unique_cold,10,2,0,8,127.338485,true,5,
unique_cold,10,2,0,9,138.288578,true,5,
unique_cold,10,2,1,0,61.538310,true,5,
unique_cold,10,2,1,1,64.595444,true,5,
unique_cold,10,2,1,2,68.787400,true,5,
unique_cold,10,2,1,3,72.144067,true,5,
unique_cold,10,2,1,4,80.734804,true,5,
unique_cold,10,2,1,5,84.154076,true,5,
unique_cold,10,2,1,6,97.648248,true,5,
unique_cold,10,2,1,7,114.545290,true,5,
unique_cold,10,2,1,8,124.955325,true,5,
unique_cold,10,2,1,9,129.160484,true,5,
unique_cold,10,3,0,0,79.376855,true,5,
unique_cold,10,3,0,1,89.558666,true,5,
unique_cold,10,3,0,2,108.722955,true,5,
unique_cold,10,3,0,3,127.914347,true,5,
unique_cold,10,3,0,4,134.454461,true,5,
unique_cold,10,3,0,5,142.125697,true,5,
unique_cold,10,3,0,6,152.403918,true,5,
unique_cold,10,3,0,7,167.305843,true,5,
unique_cold,10,3,0,8,184.054069,true,5,
unique_cold,10,3,0,9,197.533639,true,5,
unique_cold,10,3,1,0,62.106672,true,5,
unique_cold,10,3,1,1,66.126710,true,5,
unique_cold,10,3,1,2,69.660895,true,5,
unique_cold,10,3,1,3,80.097833,true,5,
unique_cold,10,3,1,4,94.598915,true,5,
unique_cold,10,3,1,5,113.249848,true,5,
unique_cold,10,3,1,6,123.578374,true,5,
unique_cold,10,3,1,7,127.853039,true,5,
unique_cold,10,3,1,8,132.207603,true,5,
unique_cold,10,3,1,9,145.969072,true,5,
unique_cold,10,4,0,0,60.738981,true,5,
unique_cold,10,4,0,1,63.389763,true,5,
unique_cold,10,4,0,2,66.380083,true,5,
unique_cold,10,4,0,3,78.624089,true,5,
unique_cold,10,4,0,4,88.867782,true,5,
unique_cold,10,4,0,5,100.905566,true,5,
unique_cold,10,4,0,6,120.522960,true,5,
unique_cold,10,4,0,7,125.316971,true,5,
unique_cold,10,4,0,8,133.275320,true,5,
unique_cold,10,4,0,9,144.252791,true,5,
unique_cold,10,4,1,0,62.249642,true,5,
unique_cold,10,4,1,1,65.723013,true,5,
unique_cold,10,4,1,2,69.398205,true,5,
unique_cold,10,4,1,3,79.870422,true,5,
unique_cold,10,4,1,4,95.708112,true,5,
unique_cold,10,4,1,5,113.194078,true,5,
unique_cold,10,4,1,6,122.877710,true,5,
unique_cold,10,4,1,7,126.192364,true,5,
unique_cold,10,4,1,8,131.667348,true,5,
unique_cold,10,4,1,9,157.989857,true,5,
unique_cold,10,5,0,0,76.694083,true,5,
unique_cold,10,5,0,1,80.933035,true,5,
unique_cold,10,5,0,2,82.466199,true,5,
unique_cold,10,5,0,3,91.776092,true,5,
unique_cold,10,5,0,4,95.042640,true,5,
unique_cold,10,5,0,5,109.306162,true,5,
unique_cold,10,5,0,6,128.626824,true,5,
unique_cold,10,5,0,7,138.315158,true,5,
unique_cold,10,5,0,8,141.368284,true,5,
unique_cold,10,5,0,9,150.261332,true,5,
unique_cold,10,5,1,0,76.463358,true,5,
unique_cold,10,5,1,1,81.497096,true,5,
unique_cold,10,5,1,2,85.342505,true,5,
unique_cold,10,5,1,3,90.666474,true,5,
unique_cold,10,5,1,4,98.742136,true,5,
unique_cold,10,5,1,5,102.736461,true,5,
unique_cold,10,5,1,6,118.821578,true,5,
unique_cold,10,5,1,7,130.430517,true,5,
unique_cold,10,5,1,8,133.395232,true,5,
unique_cold,10,5,1,9,140.473388,true,5,
unique_cold,20,1,0,0,67.808335,true,5,
unique_cold,20,1,0,1,73.055195,true,5,
unique_cold,20,1,0,2,75.428148,true,5,
unique_cold,20,1,0,3,77.210438,true,5,
unique_cold,20,1,0,4,79.269558,true,5,
unique_cold,20,1,0,5,81.875436,true,5,
unique_cold,20,1,0,6,84.828951,true,5,
unique_cold,20,1,0,7,92.581578,true,5,
unique_cold,20,1,0,8,105.979307,true,5,
unique_cold,20,1,0,9,124.928630,true,5,
unique_cold,20,1,0,10,132.840873,true,5,
unique_cold,20,1,0,11,135.564864,true,5,
unique_cold,20,1,0,12,138.685798,true,5,
unique_cold,20,1,0,13,141.182163,true,5,
unique_cold,20,1,0,14,144.053670,true,5,
unique_cold,20,1,0,15,151.552570,true,5,
unique_cold,20,1,0,16,167.066825,true,5,
unique_cold,20,1,0,17,185.250066,true,5,
unique_cold,20,1,0,18,194.622165,true,5,
unique_cold,20,1,0,19,200.235064,true,5,
unique_cold,20,2,0,0,61.889804,true,5,
unique_cold,20,2,0,1,63.548981,true,5,
unique_cold,20,2,0,2,65.183755,true,5,
unique_cold,20,2,0,3,67.769231,true,5,
unique_cold,20,2,0,4,62.918013,true,5,
unique_cold,20,2,0,5,73.141904,true,5,
unique_cold,20,2,0,6,68.478806,true,5,
unique_cold,20,2,0,7,67.528505,true,5,
unique_cold,20,2,0,8,80.672407,true,5,
unique_cold,20,2,0,9,84.405505,true,5,
unique_cold,20,2,0,10,77.749195,true,5,
unique_cold,20,2,0,11,94.884724,true,5,
unique_cold,20,2,0,12,98.427001,true,5,
unique_cold,20,2,0,13,91.890704,true,5,
unique_cold,20,2,0,14,92.248742,true,5,
unique_cold,20,2,0,15,112.921348,true,5,
unique_cold,20,2,0,16,116.078485,true,5,
unique_cold,20,2,0,17,112.184070,true,5,
unique_cold,20,2,0,18,123.323759,true,5,
unique_cold,20,2,0,19,124.147346,true,5,
unique_cold,20,3,0,0,67.099060,true,5,
unique_cold,20,3,0,1,70.838158,true,5,
unique_cold,20,3,0,2,74.228520,true,5,
unique_cold,20,3,0,3,77.079224,true,5,
unique_cold,20,3,0,4,80.501190,true,5,
unique_cold,20,3,0,5,82.734127,true,5,
unique_cold,20,3,0,6,85.831558,true,5,
unique_cold,20,3,0,7,90.833491,true,5,
unique_cold,20,3,0,8,93.035527,true,5,
unique_cold,20,3,0,9,99.665734,true,5,
unique_cold,20,3,0,10,106.336145,true,5,
unique_cold,20,3,0,11,124.730608,true,5,
unique_cold,20,3,0,12,135.520460,true,5,
unique_cold,20,3,0,13,138.360262,true,5,
unique_cold,20,3,0,14,143.302390,true,5,
unique_cold,20,3,0,15,153.367564,true,5,
unique_cold,20,3,0,16,169.414176,true,5,
unique_cold,20,3,0,17,186.243371,true,5,
unique_cold,20,3,0,18,197.194240,true,5,
unique_cold,20,3,0,19,203.310793,true,5,
unique_cold,20,4,0,0,64.857720,true,5,
unique_cold,20,4,0,1,66.673414,true,5,
unique_cold,20,4,0,2,70.409813,true,5,
unique_cold,20,4,0,3,65.233460,true,5,
unique_cold,20,4,0,4,75.679975,true,5,
unique_cold,20,4,0,5,70.711845,true,5,
unique_cold,20,4,0,6,80.838625,true,5,
unique_cold,20,4,0,7,84.785747,true,5,
unique_cold,20,4,0,8,80.998142,true,5,
unique_cold,20,4,0,9,95.853228,true,5,
unique_cold,20,4,0,10,99.913861,true,5,
unique_cold,20,4,0,11,95.930236,true,5,
unique_cold,20,4,0,12,113.839446,true,5,
unique_cold,20,4,0,13,117.261211,true,5,
unique_cold,20,4,0,14,114.470814,true,5,
unique_cold,20,4,0,15,124.989636,true,5,
unique_cold,20,4,0,16,127.138665,true,5,
unique_cold,20,4,0,17,123.973728,true,5,
unique_cold,20,4,0,18,127.415095,true,5,
unique_cold,20,4,0,19,135.572565,true,5,
unique_cold,20,5,0,0,62.133929,true,5,
unique_cold,20,5,0,1,65.631802,true,5,
unique_cold,20,5,0,2,60.372642,true,5,
unique_cold,20,5,0,3,62.781598,true,5,
unique_cold,20,5,0,4,61.390451,true,5,
unique_cold,20,5,0,5,63.232247,true,5,
unique_cold,20,5,0,6,67.679321,true,5,
unique_cold,20,5,0,7,82.856340,true,5,
unique_cold,20,5,0,8,77.054221,true,5,
unique_cold,20,5,0,9,94.894225,true,5,
unique_cold,20,5,0,10,98.853347,true,5,
unique_cold,20,5,0,11,96.453091,true,5,
unique_cold,20,5,0,12,111.441990,true,5,
unique_cold,20,5,0,13,115.359909,true,5,
unique_cold,20,5,0,14,111.366083,true,5,
unique_cold,20,5,0,15,126.342280,true,5,
unique_cold,20,5,0,16,129.128878,true,5,
unique_cold,20,5,0,17,136.505664,true,5,
unique_cold,20,5,0,18,145.561231,true,5,
unique_cold,20,5,0,19,163.856483,true,5,
identical_cold,1,1,0,0,60.032806,true,5,
identical_cold,1,1,1,0,75.596766,true,5,
identical_cold,1,1,2,0,62.893710,true,5,
identical_cold,1,1,3,0,58.048594,true,5,
identical_cold,1,1,4,0,57.553240,true,5,
identical_cold,1,1,5,0,61.092419,true,5,
identical_cold,1,1,6,0,59.502948,true,5,
identical_cold,1,1,7,0,68.884250,true,5,
identical_cold,1,1,8,0,76.107321,true,5,
identical_cold,1,1,9,0,63.675794,true,5,
identical_cold,1,1,10,0,58.200610,true,5,
identical_cold,1,1,11,0,58.836778,true,5,
identical_cold,1,1,12,0,60.206624,true,5,
identical_cold,1,1,13,0,59.894390,true,5,
identical_cold,1,1,14,0,74.088305,true,5,
identical_cold,1,1,15,0,62.934215,true,5,
identical_cold,1,1,16,0,70.369708,true,5,
identical_cold,1,1,17,0,64.330463,true,5,
identical_cold,1,1,18,0,67.544007,true,5,
identical_cold,1,1,19,0,61.202030,true,5,
identical_cold,1,2,0,0,59.148711,true,5,
identical_cold,1,2,1,0,59.143910,true,5,
identical_cold,1,2,2,0,63.168839,true,5,
identical_cold,1,2,3,0,61.872102,true,5,
identical_cold,1,2,4,0,74.308828,true,5,
identical_cold,1,2,5,0,70.646637,true,5,
identical_cold,1,2,6,0,69.451311,true,5,
identical_cold,1,2,7,0,60.140217,true,5,
identical_cold,1,2,8,0,57.055988,true,5,
identical_cold,1,2,9,0,56.706850,true,5,
identical_cold,1,2,10,0,56.760356,true,5,
identical_cold,1,2,11,0,57.144298,true,5,
identical_cold,1,2,12,0,56.356413,true,5,
identical_cold,1,2,13,0,58.046493,true,5,
identical_cold,1,2,14,0,58.841679,true,5,
identical_cold,1,2,15,0,59.379035,true,5,
identical_cold,1,2,16,0,64.411373,true,5,
identical_cold,1,2,17,0,62.615781,true,5,
identical_cold,1,2,18,0,58.419534,true,5,
identical_cold,1,2,19,0,57.655452,true,5,
identical_cold,1,3,0,0,66.069449,true,5,
identical_cold,1,3,1,0,74.195216,true,5,
identical_cold,1,3,2,0,61.370448,true,5,
identical_cold,1,3,3,0,59.849686,true,5,
identical_cold,1,3,4,0,59.130008,true,5,
identical_cold,1,3,5,0,59.567856,true,5,
identical_cold,1,3,6,0,57.640250,true,5,
identical_cold,1,3,7,0,75.194123,true,5,
identical_cold,1,3,8,0,65.515091,true,5,
identical_cold,1,3,9,0,56.310208,true,5,
identical_cold,1,3,10,0,72.049487,true,5,
identical_cold,1,3,11,0,60.385743,true,5,
identical_cold,1,3,12,0,57.132296,true,5,
identical_cold,1,3,13,0,58.296220,true,5,
identical_cold,1,3,14,0,69.580924,true,5,
identical_cold,1,3,15,0,60.284132,true,5,
identical_cold,1,3,16,0,58.961791,true,5,
identical_cold,1,3,17,0,57.206203,true,5,
identical_cold,1,3,18,0,68.358294,true,5,
identical_cold,1,3,19,0,60.493755,true,5,
identical_cold,1,4,0,0,58.051394,true,5,
identical_cold,1,4,1,0,58.439435,true,5,
identical_cold,1,4,2,0,57.272111,true,5,
identical_cold,1,4,3,0,71.913773,true,5,
identical_cold,1,4,4,0,69.701037,true,5,
identical_cold,1,4,5,0,69.494515,true,5,
identical_cold,1,4,6,0,69.466312,true,5,
identical_cold,1,4,7,0,72.011183,true,5,
identical_cold,1,4,8,0,69.343499,true,5,
identical_cold,1,4,9,0,62.831803,true,5,
identical_cold,1,4,10,0,57.457231,true,5,
identical_cold,1,4,11,0,68.846645,true,5,
identical_cold,1,4,12,0,70.154385,true,5,
identical_cold,1,4,13,0,68.847746,true,5,
identical_cold,1,4,14,0,64.143944,true,5,
identical_cold,1,4,15,0,58.780471,true,5,
identical_cold,1,4,16,0,63.551181,true,5,
identical_cold,1,4,17,0,67.329783,true,5,
identical_cold,1,4,18,0,82.170867,true,5,
identical_cold,1,4,19,0,60.948203,true,5,
identical_cold,1,5,0,0,67.949850,true,5,
identical_cold,1,5,1,0,63.403395,true,5,
identical_cold,1,5,2,0,65.618638,true,5,
identical_cold,1,5,3,0,69.241326,true,5,
identical_cold,1,5,4,0,61.775225,true,5,
identical_cold,1,5,5,0,61.217065,true,5,
identical_cold,1,5,6,0,73.945231,true,5,
identical_cold,1,5,7,0,66.320613,true,5,
identical_cold,1,5,8,0,58.635289,true,5,
identical_cold,1,5,9,0,74.053642,true,5,
identical_cold,1,5,10,0,74.879130,true,5,
identical_cold,1,5,11,0,64.877958,true,5,
identical_cold,1,5,12,0,73.637898,true,5,
identical_cold,1,5,13,0,62.206271,true,5,
identical_cold,1,5,14,0,67.039490,true,5,
identical_cold,1,5,15,0,65.560031,true,5,
identical_cold,1,5,16,0,59.504182,true,5,
identical_cold,1,5,17,0,67.192306,true,5,
identical_cold,1,5,18,0,72.788307,true,5,
identical_cold,1,5,19,0,61.410986,true,5,
identical_cold,2,1,0,0,60.619901,true,5,
identical_cold,2,1,0,1,64.037768,false,5,
identical_cold,2,1,1,0,59.176147,true,5,
identical_cold,2,1,1,1,63.071364,false,5,
identical_cold,2,1,2,0,57.410157,true,5,
identical_cold,2,1,2,1,60.984740,false,5,
identical_cold,2,1,3,0,65.392813,true,5,
identical_cold,2,1,3,1,76.073758,false,5,
identical_cold,2,1,4,0,57.704589,true,5,
identical_cold,2,1,4,1,61.296274,false,5,
identical_cold,2,1,5,0,65.051077,true,5,
identical_cold,2,1,5,1,77.829747,false,5,
identical_cold,2,1,6,0,67.995592,true,5,
identical_cold,2,1,6,1,78.303498,false,5,
identical_cold,2,1,7,0,62.093660,true,5,
identical_cold,2,1,7,1,67.763468,false,5,
identical_cold,2,1,8,0,67.830675,true,5,
identical_cold,2,1,8,1,77.654329,false,5,
identical_cold,2,1,9,0,58.287751,true,5,
identical_cold,2,1,9,1,61.849933,false,5,
identical_cold,2,2,0,0,55.932498,true,5,
identical_cold,2,2,0,1,59.217551,false,5,
identical_cold,2,2,1,0,57.638681,true,5,
identical_cold,2,2,1,1,60.799020,false,5,
identical_cold,2,2,2,0,56.308139,true,5,
identical_cold,2,2,2,1,59.569489,false,5,
identical_cold,2,2,3,0,56.027609,true,5,
identical_cold,2,2,3,1,59.496681,false,5,
identical_cold,2,2,4,0,56.518462,true,5,
identical_cold,2,2,4,1,59.973832,false,5,
identical_cold,2,2,5,0,55.779482,true,5,
identical_cold,2,2,5,1,58.972425,false,5,
identical_cold,2,2,6,0,56.247632,true,5,
identical_cold,2,2,6,1,59.178047,false,5,
identical_cold,2,2,7,0,56.033410,true,5,
identical_cold,2,2,7,1,59.316362,false,5,
identical_cold,2,2,8,0,55.814286,true,5,
identical_cold,2,2,8,1,59.346765,false,5,
identical_cold,2,2,9,0,56.423151,true,5,
identical_cold,2,2,9,1,59.774611,false,5,
identical_cold,2,3,0,0,55.867192,true,5,
identical_cold,2,3,0,1,58.644189,false,5,
identical_cold,2,3,1,0,56.196627,true,5,
identical_cold,2,3,1,1,60.821623,false,5,
identical_cold,2,3,2,0,56.206228,true,5,
identical_cold,2,3,2,1,59.206850,false,5,
identical_cold,2,3,3,0,68.638661,true,5,
identical_cold,2,3,3,1,81.197008,false,5,
identical_cold,2,3,4,0,60.414280,true,5,
identical_cold,2,3,4,1,64.300196,false,5,
identical_cold,2,3,5,0,56.665378,true,5,
identical_cold,2,3,5,1,60.443882,false,5,
identical_cold,2,3,6,0,56.947308,true,5,
identical_cold,2,3,6,1,60.888630,false,5,
identical_cold,2,3,7,0,57.344050,true,5,
identical_cold,2,3,7,1,61.166860,false,5,
identical_cold,2,3,8,0,62.681823,true,5,
identical_cold,2,3,8,1,71.799101,false,5,
identical_cold,2,3,9,0,65.164889,true,5,
identical_cold,2,3,9,1,74.886631,false,5,
identical_cold,2,4,0,0,60.386177,true,5,
identical_cold,2,4,0,1,63.880351,false,5,
identical_cold,2,4,1,0,67.292417,true,5,
identical_cold,2,4,1,1,80.797665,false,5,
identical_cold,2,4,2,0,73.595193,true,5,
identical_cold,2,4,2,1,83.750882,false,5,
identical_cold,2,4,3,0,69.074908,true,5,
identical_cold,2,4,3,1,79.998580,false,5,
identical_cold,2,4,4,0,59.996235,true,5,
identical_cold,2,4,4,1,63.651626,false,5,
identical_cold,2,4,5,0,58.828109,true,5,
identical_cold,2,4,5,1,62.449498,false,5,
identical_cold,2,4,6,0,63.677829,true,5,
identical_cold,2,4,6,1,73.891825,false,5,
identical_cold,2,4,7,0,68.490746,true,5,
identical_cold,2,4,7,1,79.708349,false,5,
identical_cold,2,4,8,0,69.582663,true,5,
identical_cold,2,4,8,1,80.160497,false,5,
identical_cold,2,4,9,0,67.408430,true,5,
identical_cold,2,4,9,1,77.788043,false,5,
identical_cold,2,5,0,0,70.010108,true,5,
identical_cold,2,5,0,1,80.345217,false,5,
identical_cold,2,5,1,0,68.635261,true,5,
identical_cold,2,5,1,1,78.826354,false,5,
identical_cold,2,5,2,0,62.856041,true,5,
identical_cold,2,5,2,1,66.709454,false,5,
identical_cold,2,5,3,0,68.408737,true,5,
identical_cold,2,5,3,1,78.505219,false,5,
identical_cold,2,5,4,0,68.056399,true,5,
identical_cold,2,5,4,1,76.401894,false,5,
identical_cold,2,5,5,0,59.492380,true,5,
identical_cold,2,5,5,1,63.400099,false,5,
identical_cold,2,5,6,0,57.021216,true,5,
identical_cold,2,5,6,1,61.168160,false,5,
identical_cold,2,5,7,0,67.846677,true,5,
identical_cold,2,5,7,1,78.515521,false,5,
identical_cold,2,5,8,0,60.024537,true,5,
identical_cold,2,5,8,1,63.687930,false,5,
identical_cold,2,5,9,0,68.726971,true,5,
identical_cold,2,5,9,1,83.245128,false,5,
identical_cold,5,1,0,0,60.253862,true,5,
identical_cold,5,1,0,1,60.554994,false,5,
identical_cold,5,1,0,2,60.916633,false,5,
identical_cold,5,1,0,3,61.266570,false,5,
identical_cold,5,1,0,4,65.441019,false,5,
identical_cold,5,1,1,0,57.731591,true,5,
identical_cold,5,1,1,1,58.086930,false,5,
identical_cold,5,1,1,2,58.411665,false,5,
identical_cold,5,1,1,3,58.846111,false,5,
identical_cold,5,1,1,4,62.015551,false,5,
identical_cold,5,1,2,0,59.909225,true,5,
identical_cold,5,1,2,1,60.328170,false,5,
identical_cold,5,1,2,2,60.630403,false,5,
identical_cold,5,1,2,3,61.274672,false,5,
identical_cold,5,1,2,4,64.845354,false,5,
identical_cold,5,1,3,0,57.895209,true,5,
identical_cold,5,1,3,1,58.166739,false,5,
identical_cold,5,1,3,2,58.559380,false,5,
identical_cold,5,1,3,3,59.079736,false,5,
identical_cold,5,1,3,4,63.008158,false,5,
identical_cold,5,2,0,0,63.127770,true,5,
identical_cold,5,2,0,1,64.255291,false,5,
identical_cold,5,2,0,2,65.507626,false,5,
identical_cold,5,2,0,3,67.049590,false,5,
identical_cold,5,2,0,4,75.518699,false,5,
identical_cold,5,2,1,0,70.165725,true,5,
identical_cold,5,2,1,1,71.338051,false,5,
identical_cold,5,2,1,2,72.950024,false,5,
identical_cold,5,2,1,3,74.124050,false,5,
identical_cold,5,2,1,4,83.145617,false,5,
identical_cold,5,2,2,0,65.956674,true,5,
identical_cold,5,2,2,1,66.172297,false,5,
identical_cold,5,2,2,2,66.776261,false,5,
identical_cold,5,2,2,3,66.896075,false,5,
identical_cold,5,2,2,4,70.443855,false,5,
identical_cold,5,2,3,0,70.516063,true,5,
identical_cold,5,2,3,1,72.928421,false,5,
identical_cold,5,2,3,2,77.053964,false,5,
identical_cold,5,2,3,3,78.689440,false,5,
identical_cold,5,2,3,4,84.141024,false,5,
identical_cold,5,3,0,0,60.292866,true,5,
identical_cold,5,3,0,1,60.517390,false,5,
identical_cold,5,3,0,2,61.084951,false,5,
identical_cold,5,3,0,3,61.320677,false,5,
identical_cold,5,3,0,4,65.000971,false,5,
identical_cold,5,3,1,0,72.405566,true,5,
identical_cold,5,3,1,1,74.914735,false,5,
identical_cold,5,3,1,2,77.066966,false,5,
identical_cold,5,3,1,3,79.481424,false,5,
identical_cold,5,3,1,4,93.120587,false,5,
identical_cold,5,3,2,0,78.709541,true,5,
identical_cold,5,3,2,1,81.719564,false,5,
identical_cold,5,3,2,2,84.018611,false,5,
identical_cold,5,3,2,3,85.912214,false,5,
identical_cold,5,3,2,4,98.967715,false,5,
identical_cold,5,3,3,0,67.255113,true,5,
identical_cold,5,3,3,1,67.685759,false,5,
identical_cold,5,3,3,2,68.756674,false,5,
identical_cold,5,3,3,3,69.174819,false,5,
identical_cold,5,3,3,4,75.670416,false,5,
identical_cold,5,4,0,0,59.081136,true,5,
identical_cold,5,4,0,1,59.502081,false,5,
identical_cold,5,4,0,2,59.951330,false,5,
identical_cold,5,4,0,3,60.448783,false,5,
identical_cold,5,4,0,4,63.687231,false,5,
identical_cold,5,4,1,0,59.619294,true,5,
identical_cold,5,4,1,1,59.882822,false,5,
identical_cold,5,4,1,2,60.554994,false,5,
identical_cold,5,4,1,3,61.073250,false,5,
identical_cold,5,4,1,4,65.063378,false,5,
identical_cold,5,4,2,0,58.377761,true,5,
identical_cold,5,4,2,1,58.945022,false,5,
identical_cold,5,4,2,2,59.256455,false,5,
identical_cold,5,4,2,3,59.563589,false,5,
identical_cold,5,4,2,4,63.408700,false,5,
identical_cold,5,4,3,0,68.942294,true,5,
identical_cold,5,4,3,1,71.088624,false,5,
identical_cold,5,4,3,2,73.553688,false,5,
identical_cold,5,4,3,3,75.494496,false,5,
identical_cold,5,4,3,4,89.800331,false,5,
identical_cold,5,5,0,0,70.483359,true,5,
identical_cold,5,5,0,1,71.155832,false,5,
identical_cold,5,5,0,2,71.123528,false,5,
identical_cold,5,5,0,3,71.076523,false,5,
identical_cold,5,5,0,4,74.922535,false,5,
identical_cold,5,5,1,0,70.565368,true,5,
identical_cold,5,5,1,1,72.898719,false,5,
identical_cold,5,5,1,2,75.412588,false,5,
identical_cold,5,5,1,3,77.754539,false,5,
identical_cold,5,5,1,4,91.247086,false,5,
identical_cold,5,5,2,0,73.287160,true,5,
identical_cold,5,5,2,1,73.160847,false,5,
identical_cold,5,5,2,2,73.821917,false,5,
identical_cold,5,5,2,3,74.680409,false,5,
identical_cold,5,5,2,4,77.739737,false,5,
identical_cold,5,5,3,0,58.512175,true,5,
identical_cold,5,5,3,1,58.802006,false,5,
identical_cold,5,5,3,2,59.281558,false,5,
identical_cold,5,5,3,3,59.757109,false,5,
identical_cold,5,5,3,4,63.171175,false,5,
identical_cold,10,1,0,0,65.489424,true,5,
identical_cold,10,1,0,1,66.258106,false,5,
identical_cold,10,1,0,2,66.060785,false,5,
identical_cold,10,1,0,3,67.061092,false,5,
identical_cold,10,1,0,4,66.997386,false,5,
identical_cold,10,1,0,5,67.625453,false,5,
identical_cold,10,1,0,6,68.389135,false,5,
identical_cold,10,1,0,7,68.033196,false,5,
identical_cold,10,1,0,8,68.957496,false,5,
identical_cold,10,1,0,9,72.521178,false,5,
identical_cold,10,1,1,0,64.929463,true,5,
identical_cold,10,1,1,1,65.609637,false,5,
identical_cold,10,1,1,2,66.946679,false,5,
identical_cold,10,1,1,3,68.095303,false,5,
identical_cold,10,1,1,4,68.753874,false,5,
identical_cold,10,1,1,5,70.355245,false,5,
identical_cold,10,1,1,6,70.768390,false,5,
identical_cold,10,1,1,7,72.208245,false,5,
identical_cold,10,1,1,8,73.578992,false,5,
identical_cold,10,1,1,9,81.074195,false,5,
identical_cold,10,2,0,0,70.075415,true,5,
identical_cold,10,2,0,1,71.177633,false,5,
identical_cold,10,2,0,2,71.857406,false,5,
identical_cold,10,2,0,3,72.146637,false,5,
identical_cold,10,2,0,4,72.673194,false,5,
identical_cold,10,2,0,5,73.133043,false,5,
identical_cold,10,2,0,6,73.704805,false,5,
identical_cold,10,2,0,7,75.044848,false,5,
identical_cold,10,2,0,8,75.651913,false,5,
identical_cold,10,2,0,9,79.842363,false,5,
identical_cold,10,2,1,0,62.507004,true,5,
identical_cold,10,2,1,1,63.008658,false,5,
identical_cold,10,2,1,2,63.187776,false,5,
identical_cold,10,2,1,3,63.577919,false,5,
identical_cold,10,2,1,4,64.158681,false,5,
identical_cold,10,2,1,5,64.509418,false,5,
identical_cold,10,2,1,6,64.456813,false,5,
identical_cold,10,2,1,7,65.370711,false,5,
identical_cold,10,2,1,8,65.994878,false,5,
identical_cold,10,2,1,9,70.346944,false,5,
identical_cold,10,3,0,0,61.210965,true,5,
identical_cold,10,3,0,1,61.704117,false,5,
identical_cold,10,3,0,2,62.196171,false,5,
identical_cold,10,3,0,3,63.020559,false,5,
identical_cold,10,3,0,4,64.477015,false,5,
identical_cold,10,3,0,5,65.307104,false,5,
identical_cold,10,3,0,6,66.273507,false,5,
identical_cold,10,3,0,7,67.425131,false,5,
identical_cold,10,3,0,8,68.423638,false,5,
identical_cold,10,3,0,9,73.625196,false,5,
identical_cold,10,3,1,0,73.954232,true,5,
identical_cold,10,3,1,1,76.492604,false,5,
identical_cold,10,3,1,2,78.347803,false,5,
identical_cold,10,3,1,3,80.886275,false,5,
identical_cold,10,3,1,4,83.011803,false,5,
identical_cold,10,3,1,5,84.881203,false,5,
identical_cold,10,3,1,6,86.457272,false,5,
identical_cold,10,3,1,7,87.989637,false,5,
identical_cold,10,3,1,8,89.024947,false,5,
identical_cold,10,3,1,9,100.314458,false,5,
identical_cold,10,4,0,0,70.138322,true,5,
identical_cold,10,4,0,1,69.786985,false,5,
identical_cold,10,4,0,2,70.851899,false,5,
identical_cold,10,4,0,3,70.491660,false,5,
identical_cold,10,4,0,4,71.249542,false,5,
identical_cold,10,4,0,5,70.778491,false,5,
identical_cold,10,4,0,6,72.392764,false,5,
identical_cold,10,4,0,7,72.606687,false,5,
identical_cold,10,4,0,8,72.204644,false,5,
identical_cold,10,4,0,9,75.950545,false,5,
identical_cold,10,4,1,0,62.574811,true,5,
identical_cold,10,4,1,1,63.372396,false,5,
identical_cold,10,4,1,2,63.556216,false,5,
identical_cold,10,4,1,3,64.598128,false,5,
identical_cold,10,4,1,4,65.251198,false,5,
identical_cold,10,4,1,5,65.904068,false,5,
identical_cold,10,4,1,6,66.492832,false,5,
identical_cold,10,4,1,7,67.281816,false,5,
identical_cold,10,4,1,8,68.514848,false,5,
identical_cold,10,4,1,9,73.360468,false,5,
identical_cold,10,5,0,0,61.153459,true,5,
identical_cold,10,5,0,1,62.175568,false,5,
identical_cold,10,5,0,2,63.062363,false,5,
identical_cold,10,5,0,3,63.430103,false,5,
identical_cold,10,5,0,4,64.241390,false,5,
identical_cold,10,5,0,5,64.912562,false,5,
identical_cold,10,5,0,6,65.084280,false,5,
identical_cold,10,5,0,7,65.986277,false,5,
identical_cold,10,5,0,8,66.821367,false,5,
identical_cold,10,5,0,9,70.903108,false,5,
identical_cold,10,5,1,0,62.172728,true,5,
identical_cold,10,5,1,1,63.026620,false,5,
identical_cold,10,5,1,2,63.465968,false,5,
identical_cold,10,5,1,3,64.499080,false,5,
identical_cold,10,5,1,4,64.776910,false,5,
identical_cold,10,5,1,5,65.614801,false,5,
identical_cold,10,5,1,6,66.401986,false,5,
identical_cold,10,5,1,7,66.954945,false,5,
identical_cold,10,5,1,8,67.448599,false,5,
identical_cold,10,5,1,9,71.695758,false,5,
identical_cold,20,1,0,0,65.702810,true,5,
identical_cold,20,1,0,1,65.665906,false,5,
identical_cold,20,1,0,2,66.605207,false,5,
identical_cold,20,1,0,3,66.697817,false,5,
identical_cold,20,1,0,4,67.048656,false,5,
identical_cold,20,1,0,5,67.593415,false,5,
identical_cold,20,1,0,6,67.597815,false,5,
identical_cold,20,1,0,7,67.982557,false,5,
identical_cold,20,1,0,8,68.721437,false,5,
identical_cold,20,1,0,9,69.188688,false,5,
identical_cold,20,1,0,10,69.446415,false,5,
identical_cold,20,1,0,11,69.803454,false,5,
identical_cold,20,1,0,12,65.044338,false,5,
identical_cold,20,1,0,13,64.046530,false,5,
identical_cold,20,1,0,14,65.638303,false,5,
identical_cold,20,1,0,15,65.627602,false,5,
identical_cold,20,1,0,16,65.286465,false,5,
identical_cold,20,1,0,17,65.607900,false,5,
identical_cold,20,1,0,18,66.358081,false,5,
identical_cold,20,1,0,19,69.687842,false,5,
identical_cold,20,2,0,0,62.889506,true,5,
identical_cold,20,2,0,1,62.885805,false,5,
identical_cold,20,2,0,2,63.702193,false,5,
identical_cold,20,2,0,3,63.887713,false,5,
identical_cold,20,2,0,4,64.406169,false,5,
identical_cold,20,2,0,5,64.660597,false,5,
identical_cold,20,2,0,6,65.267963,false,5,
identical_cold,20,2,0,7,65.163852,false,5,
identical_cold,20,2,0,8,65.533492,false,5,
identical_cold,20,2,0,9,66.288073,false,5,
identical_cold,20,2,0,10,66.532400,false,5,
identical_cold,20,2,0,11,67.083059,false,5,
identical_cold,20,2,0,12,61.170120,false,5,
identical_cold,20,2,0,13,61.228126,false,5,
identical_cold,20,2,0,14,62.461059,false,5,
identical_cold,20,2,0,15,62.575771,false,5,
identical_cold,20,2,0,16,62.799996,false,5,
identical_cold,20,2,0,17,63.079926,false,5,
identical_cold,20,2,0,18,62.967314,false,5,
identical_cold,20,2,0,19,67.509306,false,5,
identical_cold,20,3,0,0,63.166236,true,5,
identical_cold,20,3,0,1,63.600382,false,5,
identical_cold,20,3,0,2,63.752199,false,5,
identical_cold,20,3,0,3,64.274355,false,5,
identical_cold,20,3,0,4,64.498480,false,5,
identical_cold,20,3,0,5,64.886122,false,5,
identical_cold,20,3,0,6,65.210757,false,5,
identical_cold,20,3,0,7,65.960638,false,5,
identical_cold,20,3,0,8,65.845825,false,5,
identical_cold,20,3,0,9,66.316176,false,5,
identical_cold,20,3,0,10,67.028354,false,5,
identical_cold,20,3,0,11,67.167369,false,5,
identical_cold,20,3,0,12,62.195630,false,5,
identical_cold,20,3,0,13,63.270747,false,5,
identical_cold,20,3,0,14,62.434856,false,5,
identical_cold,20,3,0,15,63.668190,false,5,
identical_cold,20,3,0,16,63.089327,false,5,
identical_cold,20,3,0,17,63.923718,false,5,
identical_cold,20,3,0,18,64.425372,false,5,
identical_cold,20,3,0,19,68.108570,false,5,
identical_cold,20,4,0,0,75.215039,true,5,
identical_cold,20,4,0,1,77.710410,false,5,
identical_cold,20,4,0,2,79.970254,false,5,
identical_cold,20,4,0,3,81.586529,false,5,
identical_cold,20,4,0,4,84.275820,false,5,
identical_cold,20,4,0,5,86.517162,false,5,
identical_cold,20,4,0,6,88.419069,false,5,
identical_cold,20,4,0,7,90.524496,false,5,
identical_cold,20,4,0,8,92.564716,false,5,
identical_cold,20,4,0,9,95.258009,false,5,
identical_cold,20,4,0,10,96.523645,false,5,
identical_cold,20,4,0,11,98.143220,false,5,
identical_cold,20,4,0,12,93.552324,false,5,
identical_cold,20,4,0,13,95.279711,false,5,
identical_cold,20,4,0,14,96.547847,false,5,
identical_cold,20,4,0,15,97.375337,false,5,
identical_cold,20,4,0,16,98.435852,false,5,
identical_cold,20,4,0,17,98.651576,false,5,
identical_cold,20,4,0,18,99.711590,false,5,
identical_cold,20,4,0,19,106.809458,false,5,
identical_cold,20,5,0,0,78.238066,true,5,
identical_cold,20,5,0,1,80.899455,false,5,
identical_cold,20,5,0,2,82.759456,false,5,
identical_cold,20,5,0,3,84.657861,false,5,
identical_cold,20,5,0,4,86.674079,false,5,
identical_cold,20,5,0,5,87.960119,false,5,
identical_cold,20,5,0,6,89.658502,false,5,
identical_cold,20,5,0,7,91.581011,false,5,
identical_cold,20,5,0,8,92.649426,false,5,
identical_cold,20,5,0,9,93.694639,false,5,
identical_cold,20,5,0,10,94.745053,false,5,
identical_cold,20,5,0,11,95.742761,false,5,
identical_cold,20,5,0,12,88.364062,false,5,
identical_cold,20,5,0,13,90.143655,false,5,
identical_cold,20,5,0,14,89.916930,false,5,
identical_cold,20,5,0,15,89.754013,false,5,
identical_cold,20,5,0,16,91.036551,false,5,
identical_cold,20,5,0,17,91.255876,false,5,
identical_cold,20,5,0,18,94.091582,false,5,
identical_cold,20,5,0,19,98.828095,false,5,
